tour,code_departement,departement,code_nuance,voix
1,01,AIN,COM,11258.0
1,01,AIN,DVD,0.0
1,01,AIN,DVG,0.0
1,01,AIN,ECO,0.0
1,01,AIN,EXG,2484.0
1,01,AIN,FRN,20474.0
1,01,AIN,RADICAUX GAUCHE,0.0
1,01,AIN,REG,0.0
1,01,AIN,RPR,43070.0
1,01,AIN,SOC,64908.0
1,01,AIN,UDF,59815.0
1,01,AIN,UDF-RPR,0.0
1,01,AIN,abstentions,66050.0
1,01,AIN,blancs et nuls,9323.0
1,02,AISNE,COM,43308.0
1,02,AISNE,DVD,0.0
1,02,AISNE,DVG,0.0
1,02,AISNE,ECO,0.0
1,02,AISNE,EXG,4457.0
1,02,AISNE,FRN,25404.0
1,02,AISNE,RADICAUX GAUCHE,0.0
1,02,AISNE,REG,0.0
1,02,AISNE,RPR,0.0
1,02,AISNE,SOC,95236.0
1,02,AISNE,UDF,0.0
1,02,AISNE,UDF-RPR,108246.0
1,02,AISNE,abstentions,72548.0
1,02,AISNE,blancs et nuls,15538.0
1,03,ALLIER,COM,44312.0
1,03,ALLIER,DVD,0.0
1,03,ALLIER,DVG,0.0
1,03,ALLIER,ECO,0.0
1,03,ALLIER,EXG,1866.0
1,03,ALLIER,FRN,13124.0
1,03,ALLIER,RADICAUX GAUCHE,8406.0
1,03,ALLIER,REG,0.0
1,03,ALLIER,RPR,0.0
1,03,ALLIER,SOC,52885.0
1,03,ALLIER,UDF,0.0
1,03,ALLIER,UDF-RPR,78824.0
1,03,ALLIER,abstentions,56399.0
1,03,ALLIER,blancs et nuls,11563.0
1,04,ALPES-DE-HAUTE-PROVENCE,COM,10858.0
1,04,ALPES-DE-HAUTE-PROVENCE,DVD,1463.0
1,04,ALPES-DE-HAUTE-PROVENCE,DVG,0.0
1,04,ALPES-DE-HAUTE-PROVENCE,ECO,0.0
1,04,ALPES-DE-HAUTE-PROVENCE,EXG,467.0
1,04,ALPES-DE-HAUTE-PROVENCE,FRN,7948.0
1,04,ALPES-DE-HAUTE-PROVENCE,RADICAUX GAUCHE,0.0
1,04,ALPES-DE-HAUTE-PROVENCE,REG,0.0
1,04,ALPES-DE-HAUTE-PROVENCE,RPR,17738.0
1,04,ALPES-DE-HAUTE-PROVENCE,SOC,22997.0
1,04,ALPES-DE-HAUTE-PROVENCE,UDF,13974.0
1,04,ALPES-DE-HAUTE-PROVENCE,UDF-RPR,0.0
1,04,ALPES-DE-HAUTE-PROVENCE,abstentions,16726.0
1,04,ALPES-DE-HAUTE-PROVENCE,blancs et nuls,3282.0
1,05,HAUTES-ALPES,COM,4360.0
1,05,HAUTES-ALPES,DVD,3112.0
1,05,HAUTES-ALPES,DVG,0.0
1,05,HAUTES-ALPES,ECO,0.0
1,05,HAUTES-ALPES,EXG,1624.0
1,05,HAUTES-ALPES,FRN,4306.0
1,05,HAUTES-ALPES,RADICAUX GAUCHE,0.0
1,05,HAUTES-ALPES,REG,0.0
1,05,HAUTES-ALPES,RPR,0.0
1,05,HAUTES-ALPES,SOC,21333.0
1,05,HAUTES-ALPES,UDF,0.0
1,05,HAUTES-ALPES,UDF-RPR,28430.0
1,05,HAUTES-ALPES,abstentions,14947.0
1,05,HAUTES-ALPES,blancs et nuls,2271.0
1,06,ALPES-MARITIMES,COM,41797.0
1,06,ALPES-MARITIMES,DVD,0.0
1,06,ALPES-MARITIMES,DVG,0.0
1,06,ALPES-MARITIMES,ECO,11953.0
1,06,ALPES-MARITIMES,EXG,2135.0
1,06,ALPES-MARITIMES,FRN,101392.0
1,06,ALPES-MARITIMES,RADICAUX GAUCHE,0.0
1,06,ALPES-MARITIMES,REG,0.0
1,06,ALPES-MARITIMES,RPR,0.0
1,06,ALPES-MARITIMES,SOC,114505.0
1,06,ALPES-MARITIMES,UDF,0.0
1,06,ALPES-MARITIMES,UDF-RPR,213647.0
1,06,ALPES-MARITIMES,abstentions,135129.0
1,06,ALPES-MARITIMES,blancs et nuls,16110.0
1,07,ARDECHE,COM,15213.0
1,07,ARDECHE,DVD,0.0
1,07,ARDECHE,DVG,0.0
1,07,ARDECHE,ECO,0.0
1,07,ARDECHE,EXG,1371.0
1,07,ARDECHE,FRN,12764.0
1,07,ARDECHE,RADICAUX GAUCHE,0.0
1,07,ARDECHE,REG,0.0
1,07,ARDECHE,RPR,40239.0
1,07,ARDECHE,SOC,50634.0
1,07,ARDECHE,UDF,32325.0
1,07,ARDECHE,UDF-RPR,0.0
1,07,ARDECHE,abstentions,39924.0
1,07,ARDECHE,blancs et nuls,8450.0
1,08,ARDENNES,COM,20169.0
1,08,ARDENNES,DVD,0.0
1,08,ARDENNES,DVG,0.0
1,08,ARDENNES,ECO,0.0
1,08,ARDENNES,EXG,3984.0
1,08,ARDENNES,FRN,12092.0
1,08,ARDENNES,RADICAUX GAUCHE,0.0
1,08,ARDENNES,REG,0.0
1,08,ARDENNES,RPR,0.0
1,08,ARDENNES,SOC,46767.0
1,08,ARDENNES,UDF,0.0
1,08,ARDENNES,UDF-RPR,60832.0
1,08,ARDENNES,abstentions,42912.0
1,08,ARDENNES,blancs et nuls,6635.0
1,09,ARIEGE,COM,11246.0
1,09,ARIEGE,DVD,11361.0
1,09,ARIEGE,DVG,9843.0
1,09,ARIEGE,ECO,0.0
1,09,ARIEGE,EXG,429.0
1,09,ARIEGE,FRN,2244.0
1,09,ARIEGE,RADICAUX GAUCHE,0.0
1,09,ARIEGE,REG,0.0
1,09,ARIEGE,RPR,0.0
1,09,ARIEGE,SOC,32501.0
1,09,ARIEGE,UDF,0.0
1,09,ARIEGE,UDF-RPR,16391.0
1,09,ARIEGE,abstentions,20643.0
1,09,ARIEGE,blancs et nuls,3819.0
1,10,AUBE,COM,13209.0
1,10,AUBE,DVD,865.0
1,10,AUBE,DVG,0.0
1,10,AUBE,ECO,0.0
1,10,AUBE,EXG,1071.0
1,10,AUBE,FRN,14340.0
1,10,AUBE,RADICAUX GAUCHE,0.0
1,10,AUBE,REG,0.0
1,10,AUBE,RPR,0.0
1,10,AUBE,SOC,41353.0
1,10,AUBE,UDF,0.0
1,10,AUBE,UDF-RPR,67400.0
1,10,AUBE,abstentions,45522.0
1,10,AUBE,blancs et nuls,7467.0
1,11,AUDE,COM,23209.0
1,11,AUDE,DVD,798.0
1,11,AUDE,DVG,0.0
1,11,AUDE,ECO,3689.0
1,11,AUDE,EXG,629.0
1,11,AUDE,FRN,15280.0
1,11,AUDE,RADICAUX GAUCHE,0.0
1,11,AUDE,REG,0.0
1,11,AUDE,RPR,0.0
1,11,AUDE,SOC,70763.0
1,11,AUDE,UDF,0.0
1,11,AUDE,UDF-RPR,57267.0
1,11,AUDE,abstentions,34339.0
1,11,AUDE,blancs et nuls,8402.0
1,12,AVEYRON,COM,9121.0
1,12,AVEYRON,DVD,6603.0
1,12,AVEYRON,DVG,0.0
1,12,AVEYRON,ECO,0.0
1,12,AVEYRON,EXG,1354.0
1,12,AVEYRON,FRN,8126.0
1,12,AVEYRON,RADICAUX GAUCHE,0.0
1,12,AVEYRON,REG,0.0
1,12,AVEYRON,RPR,0.0
1,12,AVEYRON,SOC,59059.0
1,12,AVEYRON,UDF,0.0
1,12,AVEYRON,UDF-RPR,83910.0
1,12,AVEYRON,abstentions,35563.0
1,12,AVEYRON,blancs et nuls,8670.0
1,13,BOUCHES-DU-RHONE,COM,115865.0
1,13,BOUCHES-DU-RHONE,DVD,27105.0
1,13,BOUCHES-DU-RHONE,DVG,0.0
1,13,BOUCHES-DU-RHONE,ECO,12725.0
1,13,BOUCHES-DU-RHONE,EXG,8447.0
1,13,BOUCHES-DU-RHONE,FRN,180486.0
1,13,BOUCHES-DU-RHONE,RADICAUX GAUCHE,0.0
1,13,BOUCHES-DU-RHONE,REG,0.0
1,13,BOUCHES-DU-RHONE,RPR,75898.0
1,13,BOUCHES-DU-RHONE,SOC,207053.0
1,13,BOUCHES-DU-RHONE,UDF,173344.0
1,13,BOUCHES-DU-RHONE,UDF-RPR,0.0
1,13,BOUCHES-DU-RHONE,abstentions,256270.0
1,13,BOUCHES-DU-RHONE,blancs et nuls,21459.0
1,14,CALVADOS,COM,20321.0
1,14,CALVADOS,DVD,2084.0
1,14,CALVADOS,DVG,0.0
1,14,CALVADOS,ECO,9080.0
1,14,CALVADOS,EXG,3462.0
1,14,CALVADOS,FRN,20619.0
1,14,CALVADOS,RADICAUX GAUCHE,0.0
1,14,CALVADOS,REG,0.0
1,14,CALVADOS,RPR,0.0
1,14,CALVADOS,SOC,105488.0
1,14,CALVADOS,UDF,0.0
1,14,CALVADOS,UDF-RPR,139871.0
1,14,CALVADOS,abstentions,91083.0
1,14,CALVADOS,blancs et nuls,15422.0
1,15,CANTAL,COM,4697.0
1,15,CANTAL,DVD,0.0
1,15,CANTAL,DVG,0.0
1,15,CANTAL,ECO,0.0
1,15,CANTAL,EXG,642.0
1,15,CANTAL,FRN,3141.0
1,15,CANTAL,RADICAUX GAUCHE,0.0
1,15,CANTAL,REG,0.0
1,15,CANTAL,RPR,0.0
1,15,CANTAL,SOC,34996.0
1,15,CANTAL,UDF,0.0
1,15,CANTAL,UDF-RPR,55370.0
1,15,CANTAL,abstentions,23025.0
1,15,CANTAL,blancs et nuls,3635.0
1,16,CHARENTE,COM,26513.0
1,16,CHARENTE,DVD,9826.0
1,16,CHARENTE,DVG,0.0
1,16,CHARENTE,ECO,0.0
1,16,CHARENTE,EXG,4271.0
1,16,CHARENTE,FRN,7690.0
1,16,CHARENTE,RADICAUX GAUCHE,0.0
1,16,CHARENTE,REG,0.0
1,16,CHARENTE,RPR,0.0
1,16,CHARENTE,SOC,64842.0
1,16,CHARENTE,UDF,0.0
1,16,CHARENTE,UDF-RPR,73363.0
1,16,CHARENTE,abstentions,53786.0
1,16,CHARENTE,blancs et nuls,10543.0
1,17,CHARENTE-MARITIME,COM,23005.0
1,17,CHARENTE-MARITIME,DVD,34144.0
1,17,CHARENTE-MARITIME,DVG,0.0
1,17,CHARENTE-MARITIME,ECO,0.0
1,17,CHARENTE-MARITIME,EXG,3330.0
1,17,CHARENTE-MARITIME,FRN,19014.0
1,17,CHARENTE-MARITIME,RADICAUX GAUCHE,0.0
1,17,CHARENTE-MARITIME,REG,0.0
1,17,CHARENTE-MARITIME,RPR,0.0
1,17,CHARENTE-MARITIME,SOC,96474.0
1,17,CHARENTE-MARITIME,UDF,0.0
1,17,CHARENTE-MARITIME,UDF-RPR,95250.0
1,17,CHARENTE-MARITIME,abstentions,90808.0
1,17,CHARENTE-MARITIME,blancs et nuls,14967.0
1,18,CHER,COM,41393.0
1,18,CHER,DVD,7137.0
1,18,CHER,DVG,0.0
1,18,CHER,ECO,0.0
1,18,CHER,EXG,3383.0
1,18,CHER,FRN,11018.0
1,18,CHER,RADICAUX GAUCHE,0.0
1,18,CHER,REG,0.0
1,18,CHER,RPR,0.0
1,18,CHER,SOC,39760.0
1,18,CHER,UDF,0.0
1,18,CHER,UDF-RPR,64676.0
1,18,CHER,abstentions,47704.0
1,18,CHER,blancs et nuls,8930.0
1,19,CORREZE,COM,29321.0
1,19,CORREZE,DVD,0.0
1,19,CORREZE,DVG,0.0
1,19,CORREZE,ECO,0.0
1,19,CORREZE,EXG,1696.0
1,19,CORREZE,FRN,5199.0
1,19,CORREZE,RADICAUX GAUCHE,0.0
1,19,CORREZE,REG,0.0
1,19,CORREZE,RPR,0.0
1,19,CORREZE,SOC,40818.0
1,19,CORREZE,UDF,0.0
1,19,CORREZE,UDF-RPR,76121.0
1,19,CORREZE,abstentions,25492.0
1,19,CORREZE,blancs et nuls,6518.0
1,21,COTE-D'OR,COM,12018.0
1,21,COTE-D'OR,DVD,0.0
1,21,COTE-D'OR,DVG,0.0
1,21,COTE-D'OR,ECO,0.0
1,21,COTE-D'OR,EXG,5227.0
1,21,COTE-D'OR,FRN,21718.0
1,21,COTE-D'OR,RADICAUX GAUCHE,0.0
1,21,COTE-D'OR,REG,0.0
1,21,COTE-D'OR,RPR,0.0
1,21,COTE-D'OR,SOC,79194.0
1,21,COTE-D'OR,UDF,0.0
1,21,COTE-D'OR,UDF-RPR,111812.0
1,21,COTE-D'OR,abstentions,71035.0
1,21,COTE-D'OR,blancs et nuls,9152.0
1,22,COTES-D'ARMOR,COM,37770.0
1,22,COTES-D'ARMOR,DVD,1268.0
1,22,COTES-D'ARMOR,DVG,0.0
1,22,COTES-D'ARMOR,ECO,0.0
1,22,COTES-D'ARMOR,EXG,7366.0
1,22,COTES-D'ARMOR,FRN,12585.0
1,22,COTES-D'ARMOR,RADICAUX GAUCHE,0.0
1,22,COTES-D'ARMOR,REG,0.0
1,22,COTES-D'ARMOR,RPR,60075.0
1,22,COTES-D'ARMOR,SOC,122955.0
1,22,COTES-D'ARMOR,UDF,82638.0
1,22,COTES-D'ARMOR,UDF-RPR,0.0
1,22,COTES-D'ARMOR,abstentions,67654.0
1,22,COTES-D'ARMOR,blancs et nuls,17634.0
1,23,CREUSE,COM,10830.0
1,23,CREUSE,DVD,840.0
1,23,CREUSE,DVG,0.0
1,23,CREUSE,ECO,0.0
1,23,CREUSE,EXG,663.0
1,23,CREUSE,FRN,3304.0
1,23,CREUSE,RADICAUX GAUCHE,0.0
1,23,CREUSE,REG,0.0
1,23,CREUSE,RPR,0.0
1,23,CREUSE,SOC,30709.0
1,23,CREUSE,UDF,0.0
1,23,CREUSE,UDF-RPR,37035.0
1,23,CREUSE,abstentions,25028.0
1,23,CREUSE,blancs et nuls,4220.0
1,24,DORDOGNE,COM,38983.0
1,24,DORDOGNE,DVD,2344.0
1,24,DORDOGNE,DVG,0.0
1,24,DORDOGNE,ECO,0.0
1,24,DORDOGNE,EXG,1442.0
1,24,DORDOGNE,FRN,13823.0
1,24,DORDOGNE,RADICAUX GAUCHE,0.0
1,24,DORDOGNE,REG,0.0
1,24,DORDOGNE,RPR,0.0
1,24,DORDOGNE,SOC,78258.0
1,24,DORDOGNE,UDF,0.0
1,24,DORDOGNE,UDF-RPR,104503.0
1,24,DORDOGNE,abstentions,47431.0
1,24,DORDOGNE,blancs et nuls,14720.0
1,25,DOUBS,COM,13589.0
1,25,DOUBS,DVD,11257.0
1,25,DOUBS,DVG,0.0
1,25,DOUBS,ECO,0.0
1,25,DOUBS,EXG,4945.0
1,25,DOUBS,FRN,24710.0
1,25,DOUBS,RADICAUX GAUCHE,0.0
1,25,DOUBS,REG,0.0
1,25,DOUBS,RPR,0.0
1,25,DOUBS,SOC,82359.0
1,25,DOUBS,UDF,0.0
1,25,DOUBS,UDF-RPR,95244.0
1,25,DOUBS,abstentions,60280.0
1,25,DOUBS,blancs et nuls,11444.0
1,26,DROME,COM,17040.0
1,26,DROME,DVD,0.0
1,26,DROME,DVG,0.0
1,26,DROME,ECO,0.0
1,26,DROME,EXG,2005.0
1,26,DROME,FRN,23242.0
1,26,DROME,RADICAUX GAUCHE,0.0
1,26,DROME,REG,0.0
1,26,DROME,RPR,0.0
1,26,DROME,SOC,77983.0
1,26,DROME,UDF,0.0
1,26,DROME,UDF-RPR,84214.0
1,26,DROME,abstentions,57564.0
1,26,DROME,blancs et nuls,8908.0
1,27,EURE,COM,22358.0
1,27,EURE,DVD,11977.0
1,27,EURE,DVG,0.0
1,27,EURE,ECO,5442.0
1,27,EURE,EXG,1925.0
1,27,EURE,FRN,19957.0
1,27,EURE,RADICAUX GAUCHE,0.0
1,27,EURE,REG,0.0
1,27,EURE,RPR,51412.0
1,27,EURE,SOC,80043.0
1,27,EURE,UDF,52066.0
1,27,EURE,UDF-RPR,0.0
1,27,EURE,abstentions,69889.0
1,27,EURE,blancs et nuls,13470.0
1,28,EURE-ET-LOIR,COM,12122.0
1,28,EURE-ET-LOIR,DVD,73602.0
1,28,EURE-ET-LOIR,DVG,0.0
1,28,EURE-ET-LOIR,ECO,0.0
1,28,EURE-ET-LOIR,EXG,2377.0
1,28,EURE-ET-LOIR,FRN,19393.0
1,28,EURE-ET-LOIR,RADICAUX GAUCHE,0.0
1,28,EURE-ET-LOIR,REG,0.0
1,28,EURE-ET-LOIR,RPR,16580.0
1,28,EURE-ET-LOIR,SOC,66906.0
1,28,EURE-ET-LOIR,UDF,0.0
1,28,EURE-ET-LOIR,UDF-RPR,0.0
1,28,EURE-ET-LOIR,abstentions,50677.0
1,28,EURE-ET-LOIR,blancs et nuls,9132.0
1,29,FINISTERE,COM,31852.0
1,29,FINISTERE,DVD,51006.0
1,29,FINISTERE,DVG,0.0
1,29,FINISTERE,ECO,0.0
1,29,FINISTERE,EXG,4668.0
1,29,FINISTERE,FRN,26816.0
1,29,FINISTERE,RADICAUX GAUCHE,0.0
1,29,FINISTERE,REG,0.0
1,29,FINISTERE,RPR,0.0
1,29,FINISTERE,SOC,178798.0
1,29,FINISTERE,UDF,0.0
1,29,FINISTERE,UDF-RPR,175795.0
1,29,FINISTERE,abstentions,128256.0
1,29,FINISTERE,blancs et nuls,14588.0
1,2A,CORSE-DU-SUD,COM,6624.0
1,2A,CORSE-DU-SUD,DVD,0.0
1,2A,CORSE-DU-SUD,DVG,0.0
1,2A,CORSE-DU-SUD,ECO,0.0
1,2A,CORSE-DU-SUD,EXG,0.0
1,2A,CORSE-DU-SUD,FRN,1641.0
1,2A,CORSE-DU-SUD,RADICAUX GAUCHE,19131.0
1,2A,CORSE-DU-SUD,REG,5220.0
1,2A,CORSE-DU-SUD,RPR,0.0
1,2A,CORSE-DU-SUD,SOC,0.0
1,2A,CORSE-DU-SUD,UDF,0.0
1,2A,CORSE-DU-SUD,UDF-RPR,35837.0
1,2A,CORSE-DU-SUD,abstentions,21555.0
1,2A,CORSE-DU-SUD,blancs et nuls,2521.0
1,2B,HAUTE-CORSE,COM,6974.0
1,2B,HAUTE-CORSE,DVD,0.0
1,2B,HAUTE-CORSE,DVG,0.0
1,2B,HAUTE-CORSE,ECO,0.0
1,2B,HAUTE-CORSE,EXG,0.0
1,2B,HAUTE-CORSE,FRN,4746.0
1,2B,HAUTE-CORSE,RADICAUX GAUCHE,20531.0
1,2B,HAUTE-CORSE,REG,5554.0
1,2B,HAUTE-CORSE,RPR,24061.0
1,2B,HAUTE-CORSE,SOC,8313.0
1,2B,HAUTE-CORSE,UDF,15232.0
1,2B,HAUTE-CORSE,UDF-RPR,0.0
1,2B,HAUTE-CORSE,abstentions,27313.0
1,2B,HAUTE-CORSE,blancs et nuls,1977.0
1,30,GARD,COM,51282.0
1,30,GARD,DVD,3601.0
1,30,GARD,DVG,0.0
1,30,GARD,ECO,0.0
1,30,GARD,EXG,1374.0
1,30,GARD,FRN,41667.0
1,30,GARD,RADICAUX GAUCHE,0.0
1,30,GARD,REG,2514.0
1,30,GARD,RPR,36665.0
1,30,GARD,SOC,85081.0
1,30,GARD,UDF,72819.0
1,30,GARD,UDF-RPR,0.0
1,30,GARD,abstentions,75593.0
1,30,GARD,blancs et nuls,15134.0
1,31,HAUTE-GARONNE,COM,34864.0
1,31,HAUTE-GARONNE,DVD,148631.0
1,31,HAUTE-GARONNE,DVG,0.0
1,31,HAUTE-GARONNE,ECO,6746.0
1,31,HAUTE-GARONNE,EXG,5330.0
1,31,HAUTE-GARONNE,FRN,35537.0
1,31,HAUTE-GARONNE,RADICAUX GAUCHE,0.0
1,31,HAUTE-GARONNE,REG,0.0
1,31,HAUTE-GARONNE,RPR,40057.0
1,31,HAUTE-GARONNE,SOC,165496.0
1,31,HAUTE-GARONNE,UDF,0.0
1,31,HAUTE-GARONNE,UDF-RPR,0.0
1,31,HAUTE-GARONNE,abstentions,112413.0
1,31,HAUTE-GARONNE,blancs et nuls,18846.0
1,32,GERS,COM,9136.0
1,32,GERS,DVD,19113.0
1,32,GERS,DVG,2638.0
1,32,GERS,ECO,0.0
1,32,GERS,EXG,450.0
1,32,GERS,FRN,5725.0
1,32,GERS,RADICAUX GAUCHE,0.0
1,32,GERS,REG,0.0
1,32,GERS,RPR,0.0
1,32,GERS,SOC,41022.0
1,32,GERS,UDF,0.0
1,32,GERS,UDF-RPR,29301.0
1,32,GERS,abstentions,24761.0
1,32,GERS,blancs et nuls,5406.0
1,33,GIRONDE,COM,44097.0
1,33,GIRONDE,DVD,5192.0
1,33,GIRONDE,DVG,10019.0
1,33,GIRONDE,ECO,0.0
1,33,GIRONDE,EXG,11550.0
1,33,GIRONDE,FRN,45744.0
1,33,GIRONDE,RADICAUX GAUCHE,0.0
1,33,GIRONDE,REG,0.0
1,33,GIRONDE,RPR,0.0
1,33,GIRONDE,SOC,210883.0
1,33,GIRONDE,UDF,0.0
1,33,GIRONDE,UDF-RPR,248198.0
1,33,GIRONDE,abstentions,167120.0
1,33,GIRONDE,blancs et nuls,20999.0
1,34,HERAULT,COM,48972.0
1,34,HERAULT,DVD,10032.0
1,34,HERAULT,DVG,0.0
1,34,HERAULT,ECO,0.0
1,34,HERAULT,EXG,2446.0
1,34,HERAULT,FRN,59291.0
1,34,HERAULT,RADICAUX GAUCHE,0.0
1,34,HERAULT,REG,0.0
1,34,HERAULT,RPR,82161.0
1,34,HERAULT,SOC,129491.0
1,34,HERAULT,UDF,48865.0
1,34,HERAULT,UDF-RPR,0.0
1,34,HERAULT,abstentions,104255.0
1,34,HERAULT,blancs et nuls,16725.0
1,35,ILLE-ET-VILAINE,COM,13059.0
1,35,ILLE-ET-VILAINE,DVD,1678.0
1,35,ILLE-ET-VILAINE,DVG,7432.0
1,35,ILLE-ET-VILAINE,ECO,0.0
1,35,ILLE-ET-VILAINE,EXG,7444.0
1,35,ILLE-ET-VILAINE,FRN,17012.0
1,35,ILLE-ET-VILAINE,RADICAUX GAUCHE,1832.0
1,35,ILLE-ET-VILAINE,REG,0.0
1,35,ILLE-ET-VILAINE,RPR,62150.0
1,35,ILLE-ET-VILAINE,SOC,135391.0
1,35,ILLE-ET-VILAINE,UDF,142257.0
1,35,ILLE-ET-VILAINE,UDF-RPR,0.0
1,35,ILLE-ET-VILAINE,abstentions,107941.0
1,35,ILLE-ET-VILAINE,blancs et nuls,22691.0
1,36,INDRE,COM,15233.0
1,36,INDRE,DVD,1614.0
1,36,INDRE,DVG,0.0
1,36,INDRE,ECO,0.0
1,36,INDRE,EXG,1234.0
1,36,INDRE,FRN,8110.0
1,36,INDRE,RADICAUX GAUCHE,0.0
1,36,INDRE,REG,0.0
1,36,INDRE,RPR,51811.0
1,36,INDRE,SOC,48156.0
1,36,INDRE,UDF,11736.0
1,36,INDRE,UDF-RPR,0.0
1,36,INDRE,abstentions,33932.0
1,36,INDRE,blancs et nuls,9923.0
1,37,INDRE-ET-LOIRE,COM,15929.0
1,37,INDRE-ET-LOIRE,DVD,83659.0
1,37,INDRE-ET-LOIRE,DVG,2656.0
1,37,INDRE-ET-LOIRE,ECO,0.0
1,37,INDRE-ET-LOIRE,EXG,5559.0
1,37,INDRE-ET-LOIRE,FRN,17584.0
1,37,INDRE-ET-LOIRE,RADICAUX GAUCHE,0.0
1,37,INDRE-ET-LOIRE,REG,0.0
1,37,INDRE-ET-LOIRE,RPR,0.0
1,37,INDRE-ET-LOIRE,SOC,82013.0
1,37,INDRE-ET-LOIRE,UDF,0.0
1,37,INDRE-ET-LOIRE,UDF-RPR,43152.0
1,37,INDRE-ET-LOIRE,abstentions,78912.0
1,37,INDRE-ET-LOIRE,blancs et nuls,14488.0
1,38,ISERE,COM,41841.0
1,38,ISERE,DVD,7065.0
1,38,ISERE,DVG,1904.0
1,38,ISERE,ECO,10024.0
1,38,ISERE,EXG,5863.0
1,38,ISERE,FRN,48653.0
1,38,ISERE,RADICAUX GAUCHE,0.0
1,38,ISERE,REG,0.0
1,38,ISERE,RPR,0.0
1,38,ISERE,SOC,159428.0
1,38,ISERE,UDF,0.0
1,38,ISERE,UDF-RPR,172923.0
1,38,ISERE,abstentions,134219.0
1,38,ISERE,blancs et nuls,16310.0
1,39,JURA,COM,9986.0
1,39,JURA,DVD,4998.0
1,39,JURA,DVG,0.0
1,39,JURA,ECO,4641.0
1,39,JURA,EXG,854.0
1,39,JURA,FRN,11406.0
1,39,JURA,RADICAUX GAUCHE,0.0
1,39,JURA,REG,0.0
1,39,JURA,RPR,0.0
1,39,JURA,SOC,45302.0
1,39,JURA,UDF,0.0
1,39,JURA,UDF-RPR,53860.0
1,39,JURA,abstentions,35155.0
1,39,JURA,blancs et nuls,6116.0
1,40,LANDES,COM,14652.0
1,40,LANDES,DVD,0.0
1,40,LANDES,DVG,7386.0
1,40,LANDES,ECO,0.0
1,40,LANDES,EXG,972.0
1,40,LANDES,FRN,9274.0
1,40,LANDES,RADICAUX GAUCHE,0.0
1,40,LANDES,REG,0.0
1,40,LANDES,RPR,0.0
1,40,LANDES,SOC,78106.0
1,40,LANDES,UDF,0.0
1,40,LANDES,UDF-RPR,71885.0
1,40,LANDES,abstentions,39185.0
1,40,LANDES,blancs et nuls,10233.0
1,41,LOIR-ET-CHER,COM,12048.0
1,41,LOIR-ET-CHER,DVD,0.0
1,41,LOIR-ET-CHER,DVG,0.0
1,41,LOIR-ET-CHER,ECO,0.0
1,41,LOIR-ET-CHER,EXG,1820.0
1,41,LOIR-ET-CHER,FRN,12033.0
1,41,LOIR-ET-CHER,RADICAUX GAUCHE,0.0
1,41,LOIR-ET-CHER,REG,0.0
1,41,LOIR-ET-CHER,RPR,0.0
1,41,LOIR-ET-CHER,SOC,60738.0
1,41,LOIR-ET-CHER,UDF,0.0
1,41,LOIR-ET-CHER,UDF-RPR,77340.0
1,41,LOIR-ET-CHER,abstentions,40512.0
1,41,LOIR-ET-CHER,blancs et nuls,9318.0
1,42,LOIRE,COM,36846.0
1,42,LOIRE,DVD,0.0
1,42,LOIRE,DVG,0.0
1,42,LOIRE,ECO,9168.0
1,42,LOIRE,EXG,6148.0
1,42,LOIRE,FRN,44332.0
1,42,LOIRE,RADICAUX GAUCHE,0.0
1,42,LOIRE,REG,0.0
1,42,LOIRE,RPR,0.0
1,42,LOIRE,SOC,102807.0
1,42,LOIRE,UDF,0.0
1,42,LOIRE,UDF-RPR,144914.0
1,42,LOIRE,abstentions,119115.0
1,42,LOIRE,blancs et nuls,15974.0
1,43,HAUTE-LOIRE,COM,5726.0
1,43,HAUTE-LOIRE,DVD,4364.0
1,43,HAUTE-LOIRE,DVG,0.0
1,43,HAUTE-LOIRE,ECO,0.0
1,43,HAUTE-LOIRE,EXG,1024.0
1,43,HAUTE-LOIRE,FRN,9112.0
1,43,HAUTE-LOIRE,RADICAUX GAUCHE,0.0
1,43,HAUTE-LOIRE,REG,0.0
1,43,HAUTE-LOIRE,RPR,0.0
1,43,HAUTE-LOIRE,SOC,31809.0
1,43,HAUTE-LOIRE,UDF,0.0
1,43,HAUTE-LOIRE,UDF-RPR,69590.0
1,43,HAUTE-LOIRE,abstentions,29730.0
1,43,HAUTE-LOIRE,blancs et nuls,4856.0
1,44,LOIRE-ATLANTIQUE,COM,25519.0
1,44,LOIRE-ATLANTIQUE,DVD,3355.0
1,44,LOIRE-ATLANTIQUE,DVG,0.0
1,44,LOIRE-ATLANTIQUE,ECO,0.0
1,44,LOIRE-ATLANTIQUE,EXG,12253.0
1,44,LOIRE-ATLANTIQUE,FRN,34495.0
1,44,LOIRE-ATLANTIQUE,RADICAUX GAUCHE,5691.0
1,44,LOIRE-ATLANTIQUE,REG,0.0
1,44,LOIRE-ATLANTIQUE,RPR,0.0
1,44,LOIRE-ATLANTIQUE,SOC,184759.0
1,44,LOIRE-ATLANTIQUE,UDF,0.0
1,44,LOIRE-ATLANTIQUE,UDF-RPR,235384.0
1,44,LOIRE-ATLANTIQUE,abstentions,161474.0
1,44,LOIRE-ATLANTIQUE,blancs et nuls,25482.0
1,45,LOIRET,COM,25573.0
1,45,LOIRET,DVD,4820.0
1,45,LOIRET,DVG,0.0
1,45,LOIRET,ECO,0.0
1,45,LOIRET,EXG,6586.0
1,45,LOIRET,FRN,24590.0
1,45,LOIRET,RADICAUX GAUCHE,0.0
1,45,LOIRET,REG,0.0
1,45,LOIRET,RPR,0.0
1,45,LOIRET,SOC,85098.0
1,45,LOIRET,UDF,0.0
1,45,LOIRET,UDF-RPR,124254.0
1,45,LOIRET,abstentions,71145.0
1,45,LOIRET,blancs et nuls,14311.0
1,46,LOT,COM,6288.0
1,46,LOT,DVD,0.0
1,46,LOT,DVG,18023.0
1,46,LOT,ECO,0.0
1,46,LOT,EXG,466.0
1,46,LOT,FRN,3563.0
1,46,LOT,RADICAUX GAUCHE,0.0
1,46,LOT,REG,0.0
1,46,LOT,RPR,0.0
1,46,LOT,SOC,36082.0
1,46,LOT,UDF,0.0
1,46,LOT,UDF-RPR,35195.0
1,46,LOT,abstentions,17434.0
1,46,LOT,blancs et nuls,4670.0
1,47,LOT-ET-GARONNE,COM,19578.0
1,47,LOT-ET-GARONNE,DVD,11165.0
1,47,LOT-ET-GARONNE,DVG,0.0
1,47,LOT-ET-GARONNE,ECO,0.0
1,47,LOT-ET-GARONNE,EXG,1413.0
1,47,LOT-ET-GARONNE,FRN,15285.0
1,47,LOT-ET-GARONNE,RADICAUX GAUCHE,3199.0
1,47,LOT-ET-GARONNE,REG,0.0
1,47,LOT-ET-GARONNE,RPR,0.0
1,47,LOT-ET-GARONNE,SOC,57280.0
1,47,LOT-ET-GARONNE,UDF,0.0
1,47,LOT-ET-GARONNE,UDF-RPR,63626.0
1,47,LOT-ET-GARONNE,abstentions,40013.0
1,47,LOT-ET-GARONNE,blancs et nuls,12165.0
1,48,LOZERE,COM,1966.0
1,48,LOZERE,DVD,0.0
1,48,LOZERE,DVG,0.0
1,48,LOZERE,ECO,0.0
1,48,LOZERE,EXG,365.0
1,48,LOZERE,FRN,2636.0
1,48,LOZERE,RADICAUX GAUCHE,0.0
1,48,LOZERE,REG,0.0
1,48,LOZERE,RPR,0.0
1,48,LOZERE,SOC,13230.0
1,48,LOZERE,UDF,0.0
1,48,LOZERE,UDF-RPR,27292.0
1,48,LOZERE,abstentions,10032.0
1,48,LOZERE,blancs et nuls,1888.0
1,49,MAINE-ET-LOIRE,COM,15026.0
1,49,MAINE-ET-LOIRE,DVD,2830.0
1,49,MAINE-ET-LOIRE,DVG,2230.0
1,49,MAINE-ET-LOIRE,ECO,0.0
1,49,MAINE-ET-LOIRE,EXG,5898.0
1,49,MAINE-ET-LOIRE,FRN,19363.0
1,49,MAINE-ET-LOIRE,RADICAUX GAUCHE,0.0
1,49,MAINE-ET-LOIRE,REG,0.0
1,49,MAINE-ET-LOIRE,RPR,0.0
1,49,MAINE-ET-LOIRE,SOC,100694.0
1,49,MAINE-ET-LOIRE,UDF,0.0
1,49,MAINE-ET-LOIRE,UDF-RPR,183800.0
1,49,MAINE-ET-LOIRE,abstentions,97042.0
1,49,MAINE-ET-LOIRE,blancs et nuls,23970.0
1,50,MANCHE,COM,8749.0
1,50,MANCHE,DVD,26458.0
1,50,MANCHE,DVG,0.0
1,50,MANCHE,ECO,10381.0
1,50,MANCHE,EXG,2043.0
1,50,MANCHE,FRN,19139.0
1,50,MANCHE,RADICAUX GAUCHE,0.0
1,50,MANCHE,REG,0.0
1,50,MANCHE,RPR,0.0
1,50,MANCHE,SOC,68914.0
1,50,MANCHE,UDF,0.0
1,50,MANCHE,UDF-RPR,111868.0
1,50,MANCHE,abstentions,75520.0
1,50,MANCHE,blancs et nuls,14575.0
1,51,MARNE,COM,26982.0
1,51,MARNE,DVD,16802.0
1,51,MARNE,DVG,0.0
1,51,MARNE,ECO,0.0
1,51,MARNE,EXG,1833.0
1,51,MARNE,FRN,24778.0
1,51,MARNE,RADICAUX GAUCHE,0.0
1,51,MARNE,REG,0.0
1,51,MARNE,RPR,70931.0
1,51,MARNE,SOC,72370.0
1,51,MARNE,UDF,39410.0
1,51,MARNE,UDF-RPR,0.0
1,51,MARNE,abstentions,84478.0
1,51,MARNE,blancs et nuls,11510.0
1,52,HAUTE-MARNE,COM,8223.0
1,52,HAUTE-MARNE,DVD,498.0
1,52,HAUTE-MARNE,DVG,0.0
1,52,HAUTE-MARNE,ECO,0.0
1,52,HAUTE-MARNE,EXG,911.0
1,52,HAUTE-MARNE,FRN,11259.0
1,52,HAUTE-MARNE,RADICAUX GAUCHE,0.0
1,52,HAUTE-MARNE,REG,0.0
1,52,HAUTE-MARNE,RPR,0.0
1,52,HAUTE-MARNE,SOC,35135.0
1,52,HAUTE-MARNE,UDF,0.0
1,52,HAUTE-MARNE,UDF-RPR,50684.0
1,52,HAUTE-MARNE,abstentions,33936.0
1,52,HAUTE-MARNE,blancs et nuls,6161.0
1,53,MAYENNE,COM,3788.0
1,53,MAYENNE,DVD,990.0
1,53,MAYENNE,DVG,32907.0
1,53,MAYENNE,ECO,0.0
1,53,MAYENNE,EXG,1554.0
1,53,MAYENNE,FRN,5351.0
1,53,MAYENNE,RADICAUX GAUCHE,0.0
1,53,MAYENNE,REG,0.0
1,53,MAYENNE,RPR,0.0
1,53,MAYENNE,SOC,15168.0
1,53,MAYENNE,UDF,0.0
1,53,MAYENNE,UDF-RPR,88836.0
1,53,MAYENNE,abstentions,33984.0
1,53,MAYENNE,blancs et nuls,10911.0
1,54,MEURTHE-ET-MOSELLE,COM,34320.0
1,54,MEURTHE-ET-MOSELLE,DVD,0.0
1,54,MEURTHE-ET-MOSELLE,DVG,0.0
1,54,MEURTHE-ET-MOSELLE,ECO,0.0
1,54,MEURTHE-ET-MOSELLE,EXG,8840.0
1,54,MEURTHE-ET-MOSELLE,FRN,33927.0
1,54,MEURTHE-ET-MOSELLE,RADICAUX GAUCHE,4125.0
1,54,MEURTHE-ET-MOSELLE,REG,0.0
1,54,MEURTHE-ET-MOSELLE,RPR,51269.0
1,54,MEURTHE-ET-MOSELLE,SOC,109992.0
1,54,MEURTHE-ET-MOSELLE,UDF,94593.0
1,54,MEURTHE-ET-MOSELLE,UDF-RPR,0.0
1,54,MEURTHE-ET-MOSELLE,abstentions,117676.0
1,54,MEURTHE-ET-MOSELLE,blancs et nuls,14302.0
1,55,MEUSE,COM,6459.0
1,55,MEUSE,DVD,472.0
1,55,MEUSE,DVG,0.0
1,55,MEUSE,ECO,0.0
1,55,MEUSE,EXG,857.0
1,55,MEUSE,FRN,10833.0
1,55,MEUSE,RADICAUX GAUCHE,0.0
1,55,MEUSE,REG,0.0
1,55,MEUSE,RPR,0.0
1,55,MEUSE,SOC,39217.0
1,55,MEUSE,UDF,0.0
1,55,MEUSE,UDF-RPR,48247.0
1,55,MEUSE,abstentions,28335.0
1,55,MEUSE,blancs et nuls,5450.0
1,56,MORBIHAN,COM,22070.0
1,56,MORBIHAN,DVD,2224.0
1,56,MORBIHAN,DVG,0.0
1,56,MORBIHAN,ECO,0.0
1,56,MORBIHAN,EXG,2831.0
1,56,MORBIHAN,FRN,22525.0
1,56,MORBIHAN,RADICAUX GAUCHE,0.0
1,56,MORBIHAN,REG,3878.0
1,56,MORBIHAN,RPR,0.0
1,56,MORBIHAN,SOC,104190.0
1,56,MORBIHAN,UDF,0.0
1,56,MORBIHAN,UDF-RPR,171155.0
1,56,MORBIHAN,abstentions,88169.0
1,56,MORBIHAN,blancs et nuls,17241.0
1,57,MOSELLE,COM,29057.0
1,57,MOSELLE,DVD,36681.0
1,57,MOSELLE,DVG,0.0
1,57,MOSELLE,ECO,16310.0
1,57,MOSELLE,EXG,4389.0
1,57,MOSELLE,FRN,67259.0
1,57,MOSELLE,RADICAUX GAUCHE,3421.0
1,57,MOSELLE,REG,0.0
1,57,MOSELLE,RPR,126513.0
1,57,MOSELLE,SOC,132390.0
1,57,MOSELLE,UDF,69108.0
1,57,MOSELLE,UDF-RPR,0.0
1,57,MOSELLE,abstentions,145961.0
1,57,MOSELLE,blancs et nuls,27319.0
1,58,NIEVRE,COM,18253.0
1,58,NIEVRE,DVD,1106.0
1,58,NIEVRE,DVG,0.0
1,58,NIEVRE,ECO,2281.0
1,58,NIEVRE,EXG,914.0
1,58,NIEVRE,FRN,8124.0
1,58,NIEVRE,RADICAUX GAUCHE,0.0
1,58,NIEVRE,REG,0.0
1,58,NIEVRE,RPR,0.0
1,58,NIEVRE,SOC,53845.0
1,58,NIEVRE,UDF,0.0
1,58,NIEVRE,UDF-RPR,47432.0
1,58,NIEVRE,abstentions,38469.0
1,58,NIEVRE,blancs et nuls,6954.0
1,59,NORD,COM,170145.0
1,59,NORD,DVD,19407.0
1,59,NORD,DVG,4308.0
1,59,NORD,ECO,37080.0
1,59,NORD,EXG,49234.0
1,59,NORD,FRN,140504.0
1,59,NORD,RADICAUX GAUCHE,0.0
1,59,NORD,REG,0.0
1,59,NORD,RPR,286969.0
1,59,NORD,SOC,371607.0
1,59,NORD,UDF,158825.0
1,59,NORD,UDF-RPR,0.0
1,59,NORD,abstentions,333497.0
1,59,NORD,blancs et nuls,56885.0
1,60,OISE,COM,33283.0
1,60,OISE,DVD,0.0
1,60,OISE,DVG,0.0
1,60,OISE,ECO,0.0
1,60,OISE,EXG,12022.0
1,60,OISE,FRN,35555.0
1,60,OISE,RADICAUX GAUCHE,5508.0
1,60,OISE,REG,0.0
1,60,OISE,RPR,0.0
1,60,OISE,SOC,105218.0
1,60,OISE,UDF,0.0
1,60,OISE,UDF-RPR,138892.0
1,60,OISE,abstentions,85168.0
1,60,OISE,blancs et nuls,16421.0
1,61,ORNE,COM,5193.0
1,61,ORNE,DVD,8417.0
1,61,ORNE,DVG,34186.0
1,61,ORNE,ECO,3848.0
1,61,ORNE,EXG,1358.0
1,61,ORNE,FRN,11678.0
1,61,ORNE,RADICAUX GAUCHE,0.0
1,61,ORNE,REG,0.0
1,61,ORNE,RPR,0.0
1,61,ORNE,SOC,16613.0
1,61,ORNE,UDF,0.0
1,61,ORNE,UDF-RPR,75755.0
1,61,ORNE,abstentions,42696.0
1,61,ORNE,blancs et nuls,9781.0
1,62,PAS-DE-CALAIS,COM,126180.0
1,62,PAS-DE-CALAIS,DVD,77976.0
1,62,PAS-DE-CALAIS,DVG,0.0
1,62,PAS-DE-CALAIS,ECO,25449.0
1,62,PAS-DE-CALAIS,EXG,7255.0
1,62,PAS-DE-CALAIS,FRN,59652.0
1,62,PAS-DE-CALAIS,RADICAUX GAUCHE,0.0
1,62,PAS-DE-CALAIS,REG,0.0
1,62,PAS-DE-CALAIS,RPR,127456.0
1,62,PAS-DE-CALAIS,SOC,261772.0
1,62,PAS-DE-CALAIS,UDF,76181.0
1,62,PAS-DE-CALAIS,UDF-RPR,0.0
1,62,PAS-DE-CALAIS,abstentions,178333.0
1,62,PAS-DE-CALAIS,blancs et nuls,36753.0
1,63,PUY-DE-DOME,COM,23974.0
1,63,PUY-DE-DOME,DVD,1709.0
1,63,PUY-DE-DOME,DVG,0.0
1,63,PUY-DE-DOME,ECO,0.0
1,63,PUY-DE-DOME,EXG,7057.0
1,63,PUY-DE-DOME,FRN,18613.0
1,63,PUY-DE-DOME,RADICAUX GAUCHE,0.0
1,63,PUY-DE-DOME,REG,0.0
1,63,PUY-DE-DOME,RPR,0.0
1,63,PUY-DE-DOME,SOC,110584.0
1,63,PUY-DE-DOME,UDF,0.0
1,63,PUY-DE-DOME,UDF-RPR,144975.0
1,63,PUY-DE-DOME,abstentions,75109.0
1,63,PUY-DE-DOME,blancs et nuls,14928.0
1,64,PYRENEES-ATLANTIQUES,COM,19679.0
1,64,PYRENEES-ATLANTIQUES,DVD,0.0
1,64,PYRENEES-ATLANTIQUES,DVG,0.0
1,64,PYRENEES-ATLANTIQUES,ECO,0.0
1,64,PYRENEES-ATLANTIQUES,EXG,2059.0
1,64,PYRENEES-ATLANTIQUES,FRN,24344.0
1,64,PYRENEES-ATLANTIQUES,RADICAUX GAUCHE,0.0
1,64,PYRENEES-ATLANTIQUES,REG,5386.0
1,64,PYRENEES-ATLANTIQUES,RPR,0.0
1,64,PYRENEES-ATLANTIQUES,SOC,118220.0
1,64,PYRENEES-ATLANTIQUES,UDF,0.0
1,64,PYRENEES-ATLANTIQUES,UDF-RPR,148268.0
1,64,PYRENEES-ATLANTIQUES,abstentions,78038.0
1,64,PYRENEES-ATLANTIQUES,blancs et nuls,14571.0
1,65,HAUTES-PYRENEES,COM,17219.0
1,65,HAUTES-PYRENEES,DVD,1563.0
1,65,HAUTES-PYRENEES,DVG,1008.0
1,65,HAUTES-PYRENEES,ECO,0.0
1,65,HAUTES-PYRENEES,EXG,789.0
1,65,HAUTES-PYRENEES,FRN,6715.0
1,65,HAUTES-PYRENEES,RADICAUX GAUCHE,15218.0
1,65,HAUTES-PYRENEES,REG,0.0
1,65,HAUTES-PYRENEES,RPR,0.0
1,65,HAUTES-PYRENEES,SOC,39943.0
1,65,HAUTES-PYRENEES,UDF,0.0
1,65,HAUTES-PYRENEES,UDF-RPR,48566.0
1,65,HAUTES-PYRENEES,abstentions,34149.0
1,65,HAUTES-PYRENEES,blancs et nuls,5973.0
1,66,PYRENEES-ORIENTALES,COM,29692.0
1,66,PYRENEES-ORIENTALES,DVD,3729.0
1,66,PYRENEES-ORIENTALES,DVG,4914.0
1,66,PYRENEES-ORIENTALES,ECO,0.0
1,66,PYRENEES-ORIENTALES,EXG,1042.0
1,66,PYRENEES-ORIENTALES,FRN,35617.0
1,66,PYRENEES-ORIENTALES,RADICAUX GAUCHE,0.0
1,66,PYRENEES-ORIENTALES,REG,0.0
1,66,PYRENEES-ORIENTALES,RPR,0.0
1,66,PYRENEES-ORIENTALES,SOC,48261.0
1,66,PYRENEES-ORIENTALES,UDF,0.0
1,66,PYRENEES-ORIENTALES,UDF-RPR,63393.0
1,66,PYRENEES-ORIENTALES,abstentions,51262.0
1,66,PYRENEES-ORIENTALES,blancs et nuls,8497.0
1,67,BAS-RHIN,COM,7004.0
1,67,BAS-RHIN,DVD,27419.0
1,67,BAS-RHIN,DVG,26173.0
1,67,BAS-RHIN,ECO,16001.0
1,67,BAS-RHIN,EXG,15522.0
1,67,BAS-RHIN,FRN,57125.0
1,67,BAS-RHIN,RADICAUX GAUCHE,0.0
1,67,BAS-RHIN,REG,0.0
1,67,BAS-RHIN,RPR,86352.0
1,67,BAS-RHIN,SOC,81339.0
1,67,BAS-RHIN,UDF,120708.0
1,67,BAS-RHIN,UDF-RPR,0.0
1,67,BAS-RHIN,abstentions,140045.0
1,67,BAS-RHIN,blancs et nuls,29722.0
1,68,HAUT-RHIN,COM,6142.0
1,68,HAUT-RHIN,DVD,11279.0
1,68,HAUT-RHIN,DVG,938.0
1,68,HAUT-RHIN,ECO,11584.0
1,68,HAUT-RHIN,EXG,931.0
1,68,HAUT-RHIN,FRN,45205.0
1,68,HAUT-RHIN,RADICAUX GAUCHE,0.0
1,68,HAUT-RHIN,REG,0.0
1,68,HAUT-RHIN,RPR,73241.0
1,68,HAUT-RHIN,SOC,92549.0
1,68,HAUT-RHIN,UDF,70665.0
1,68,HAUT-RHIN,UDF-RPR,0.0
1,68,HAUT-RHIN,abstentions,96906.0
1,68,HAUT-RHIN,blancs et nuls,20701.0
1,69,RHONE,COM,45566.0
1,69,RHONE,DVD,7688.0
1,69,RHONE,DVG,0.0
1,69,RHONE,ECO,16920.0
1,69,RHONE,EXG,12765.0
1,69,RHONE,FRN,84739.0
1,69,RHONE,RADICAUX GAUCHE,0.0
1,69,RHONE,REG,0.0
1,69,RHONE,RPR,138940.0
1,69,RHONE,SOC,186834.0
1,69,RHONE,UDF,144475.0
1,69,RHONE,UDF-RPR,0.0
1,69,RHONE,abstentions,204789.0
1,69,RHONE,blancs et nuls,19829.0
1,70,HAUTE-SAONE,COM,8360.0
1,70,HAUTE-SAONE,DVD,0.0
1,70,HAUTE-SAONE,DVG,0.0
1,70,HAUTE-SAONE,ECO,0.0
1,70,HAUTE-SAONE,EXG,1113.0
1,70,HAUTE-SAONE,FRN,11159.0
1,70,HAUTE-SAONE,RADICAUX GAUCHE,0.0
1,70,HAUTE-SAONE,REG,0.0
1,70,HAUTE-SAONE,RPR,0.0
1,70,HAUTE-SAONE,SOC,47352.0
1,70,HAUTE-SAONE,UDF,0.0
1,70,HAUTE-SAONE,UDF-RPR,60807.0
1,70,HAUTE-SAONE,abstentions,28379.0
1,70,HAUTE-SAONE,blancs et nuls,7170.0
1,71,SAONE-ET-LOIRE,COM,24118.0
1,71,SAONE-ET-LOIRE,DVD,0.0
1,71,SAONE-ET-LOIRE,DVG,6917.0
1,71,SAONE-ET-LOIRE,ECO,0.0
1,71,SAONE-ET-LOIRE,EXG,5769.0
1,71,SAONE-ET-LOIRE,FRN,19956.0
1,71,SAONE-ET-LOIRE,RADICAUX GAUCHE,0.0
1,71,SAONE-ET-LOIRE,REG,0.0
1,71,SAONE-ET-LOIRE,RPR,80156.0
1,71,SAONE-ET-LOIRE,SOC,96137.0
1,71,SAONE-ET-LOIRE,UDF,49977.0
1,71,SAONE-ET-LOIRE,UDF-RPR,0.0
1,71,SAONE-ET-LOIRE,abstentions,95471.0
1,71,SAONE-ET-LOIRE,blancs et nuls,15743.0
1,72,SARTHE,COM,33866.0
1,72,SARTHE,DVD,0.0
1,72,SARTHE,DVG,0.0
1,72,SARTHE,ECO,0.0
1,72,SARTHE,EXG,4002.0
1,72,SARTHE,FRN,14062.0
1,72,SARTHE,RADICAUX GAUCHE,0.0
1,72,SARTHE,REG,0.0
1,72,SARTHE,RPR,0.0
1,72,SARTHE,SOC,82706.0
1,72,SARTHE,UDF,0.0
1,72,SARTHE,UDF-RPR,129343.0
1,72,SARTHE,abstentions,78284.0
1,72,SARTHE,blancs et nuls,16280.0
1,73,SAVOIE,COM,13015.0
1,73,SAVOIE,DVD,0.0
1,73,SAVOIE,DVG,0.0
1,73,SAVOIE,ECO,0.0
1,73,SAVOIE,EXG,1230.0
1,73,SAVOIE,FRN,13913.0
1,73,SAVOIE,RADICAUX GAUCHE,0.0
1,73,SAVOIE,REG,0.0
1,73,SAVOIE,RPR,0.0
1,73,SAVOIE,SOC,55098.0
1,73,SAVOIE,UDF,0.0
1,73,SAVOIE,UDF-RPR,83810.0
1,73,SAVOIE,abstentions,53252.0
1,73,SAVOIE,blancs et nuls,5509.0
1,74,HAUTE-SAVOIE,COM,9626.0
1,74,HAUTE-SAVOIE,DVD,11031.0
1,74,HAUTE-SAVOIE,DVG,32876.0
1,74,HAUTE-SAVOIE,ECO,5741.0
1,74,HAUTE-SAVOIE,EXG,869.0
1,74,HAUTE-SAVOIE,FRN,23167.0
1,74,HAUTE-SAVOIE,RADICAUX GAUCHE,0.0
1,74,HAUTE-SAVOIE,REG,0.0
1,74,HAUTE-SAVOIE,RPR,34512.0
1,74,HAUTE-SAVOIE,SOC,41072.0
1,74,HAUTE-SAVOIE,UDF,77202.0
1,74,HAUTE-SAVOIE,UDF-RPR,0.0
1,74,HAUTE-SAVOIE,abstentions,80311.0
1,74,HAUTE-SAVOIE,blancs et nuls,9269.0
1,75,PARIS,COM,41881.0
1,75,PARIS,DVD,25635.0
1,75,PARIS,DVG,894.0
1,75,PARIS,ECO,16184.0
1,75,PARIS,EXG,8897.0
1,75,PARIS,FRN,100938.0
1,75,PARIS,RADICAUX GAUCHE,0.0
1,75,PARIS,REG,0.0
1,75,PARIS,RPR,321459.0
1,75,PARIS,SOC,293597.0
1,75,PARIS,UDF,108703.0
1,75,PARIS,UDF-RPR,0.0
1,75,PARIS,abstentions,315932.0
1,75,PARIS,blancs et nuls,16265.0
1,76,SEINE-MARITIME,COM,71712.0
1,76,SEINE-MARITIME,DVD,2898.0
1,76,SEINE-MARITIME,DVG,6303.0
1,76,SEINE-MARITIME,ECO,11670.0
1,76,SEINE-MARITIME,EXG,16584.0
1,76,SEINE-MARITIME,FRN,39982.0
1,76,SEINE-MARITIME,RADICAUX GAUCHE,0.0
1,76,SEINE-MARITIME,REG,0.0
1,76,SEINE-MARITIME,RPR,0.0
1,76,SEINE-MARITIME,SOC,211198.0
1,76,SEINE-MARITIME,UDF,0.0
1,76,SEINE-MARITIME,UDF-RPR,233910.0
1,76,SEINE-MARITIME,abstentions,179206.0
1,76,SEINE-MARITIME,blancs et nuls,24809.0
1,77,SEINE-ET-MARNE,COM,37619.0
1,77,SEINE-ET-MARNE,DVD,71065.0
1,77,SEINE-ET-MARNE,DVG,0.0
1,77,SEINE-ET-MARNE,ECO,9314.0
1,77,SEINE-ET-MARNE,EXG,7940.0
1,77,SEINE-ET-MARNE,FRN,51031.0
1,77,SEINE-ET-MARNE,RADICAUX GAUCHE,0.0
1,77,SEINE-ET-MARNE,REG,0.0
1,77,SEINE-ET-MARNE,RPR,120417.0
1,77,SEINE-ET-MARNE,SOC,131282.0
1,77,SEINE-ET-MARNE,UDF,0.0
1,77,SEINE-ET-MARNE,UDF-RPR,0.0
1,77,SEINE-ET-MARNE,abstentions,138848.0
1,77,SEINE-ET-MARNE,blancs et nuls,17012.0
1,78,YVELINES,COM,36249.0
1,78,YVELINES,DVD,60274.0
1,78,YVELINES,DVG,0.0
1,78,YVELINES,ECO,11707.0
1,78,YVELINES,EXG,7466.0
1,78,YVELINES,FRN,59105.0
1,78,YVELINES,RADICAUX GAUCHE,0.0
1,78,YVELINES,REG,0.0
1,78,YVELINES,RPR,166264.0
1,78,YVELINES,SOC,176383.0
1,78,YVELINES,UDF,50748.0
1,78,YVELINES,UDF-RPR,0.0
1,78,YVELINES,abstentions,167701.0
1,78,YVELINES,blancs et nuls,14295.0
1,79,DEUX-SEVRES,COM,8020.0
1,79,DEUX-SEVRES,DVD,0.0
1,79,DEUX-SEVRES,DVG,0.0
1,79,DEUX-SEVRES,ECO,0.0
1,79,DEUX-SEVRES,EXG,3204.0
1,79,DEUX-SEVRES,FRN,7840.0
1,79,DEUX-SEVRES,RADICAUX GAUCHE,0.0
1,79,DEUX-SEVRES,REG,0.0
1,79,DEUX-SEVRES,RPR,0.0
1,79,DEUX-SEVRES,SOC,69344.0
1,79,DEUX-SEVRES,UDF,0.0
1,79,DEUX-SEVRES,UDF-RPR,97448.0
1,79,DEUX-SEVRES,abstentions,51036.0
1,79,DEUX-SEVRES,blancs et nuls,11255.0
1,80,SOMME,COM,42600.0
1,80,SOMME,DVD,21185.0
1,80,SOMME,DVG,0.0
1,80,SOMME,ECO,0.0
1,80,SOMME,EXG,8220.0
1,80,SOMME,FRN,23827.0
1,80,SOMME,RADICAUX GAUCHE,0.0
1,80,SOMME,REG,0.0
1,80,SOMME,RPR,0.0
1,80,SOMME,SOC,89723.0
1,80,SOMME,UDF,0.0
1,80,SOMME,UDF-RPR,107931.0
1,80,SOMME,abstentions,66654.0
1,80,SOMME,blancs et nuls,19570.0
1,81,TARN,COM,17416.0
1,81,TARN,DVD,0.0
1,81,TARN,DVG,0.0
1,81,TARN,ECO,0.0
1,81,TARN,EXG,1705.0
1,81,TARN,FRN,20558.0
1,81,TARN,RADICAUX GAUCHE,0.0
1,81,TARN,REG,0.0
1,81,TARN,RPR,53269.0
1,81,TARN,SOC,80179.0
1,81,TARN,UDF,29957.0
1,81,TARN,UDF-RPR,0.0
1,81,TARN,abstentions,38539.0
1,81,TARN,blancs et nuls,11165.0
1,82,TARN-ET-GARONNE,COM,7250.0
1,82,TARN-ET-GARONNE,DVD,718.0
1,82,TARN-ET-GARONNE,DVG,33144.0
1,82,TARN-ET-GARONNE,ECO,0.0
1,82,TARN-ET-GARONNE,EXG,532.0
1,82,TARN-ET-GARONNE,FRN,8769.0
1,82,TARN-ET-GARONNE,RADICAUX GAUCHE,18876.0
1,82,TARN-ET-GARONNE,REG,0.0
1,82,TARN-ET-GARONNE,RPR,0.0
1,82,TARN-ET-GARONNE,SOC,0.0
1,82,TARN-ET-GARONNE,UDF,0.0
1,82,TARN-ET-GARONNE,UDF-RPR,45084.0
1,82,TARN-ET-GARONNE,abstentions,23459.0
1,82,TARN-ET-GARONNE,blancs et nuls,5765.0
1,83,VAR,COM,41765.0
1,83,VAR,DVD,3534.0
1,83,VAR,DVG,6874.0
1,83,VAR,ECO,0.0
1,83,VAR,EXG,1568.0
1,83,VAR,FRN,69347.0
1,83,VAR,RADICAUX GAUCHE,0.0
1,83,VAR,REG,0.0
1,83,VAR,RPR,48374.0
1,83,VAR,SOC,97803.0
1,83,VAR,UDF,135861.0
1,83,VAR,UDF-RPR,0.0
1,83,VAR,abstentions,111016.0
1,83,VAR,blancs et nuls,13321.0
1,84,VAUCLUSE,COM,24807.0
1,84,VAUCLUSE,DVD,10536.0
1,84,VAUCLUSE,DVG,0.0
1,84,VAUCLUSE,ECO,5165.0
1,84,VAUCLUSE,EXG,926.0
1,84,VAUCLUSE,FRN,41545.0
1,84,VAUCLUSE,RADICAUX GAUCHE,1668.0
1,84,VAUCLUSE,REG,0.0
1,84,VAUCLUSE,RPR,0.0
1,84,VAUCLUSE,SOC,69177.0
1,84,VAUCLUSE,UDF,0.0
1,84,VAUCLUSE,UDF-RPR,75922.0
1,84,VAUCLUSE,abstentions,53063.0
1,84,VAUCLUSE,blancs et nuls,12132.0
1,85,VENDEE,COM,9853.0
1,85,VENDEE,DVD,7645.0
1,85,VENDEE,DVG,0.0
1,85,VENDEE,ECO,0.0
1,85,VENDEE,EXG,2700.0
1,85,VENDEE,FRN,14136.0
1,85,VENDEE,RADICAUX GAUCHE,0.0
1,85,VENDEE,REG,0.0
1,85,VENDEE,RPR,0.0
1,85,VENDEE,SOC,79891.0
1,85,VENDEE,UDF,0.0
1,85,VENDEE,UDF-RPR,157256.0
1,85,VENDEE,abstentions,65516.0
1,85,VENDEE,blancs et nuls,19212.0
1,86,VIENNE,COM,15033.0
1,86,VIENNE,DVD,0.0
1,86,VIENNE,DVG,2386.0
1,86,VIENNE,ECO,0.0
1,86,VIENNE,EXG,2098.0
1,86,VIENNE,FRN,10761.0
1,86,VIENNE,RADICAUX GAUCHE,0.0
1,86,VIENNE,REG,0.0
1,86,VIENNE,RPR,0.0
1,86,VIENNE,SOC,78867.0
1,86,VIENNE,UDF,0.0
1,86,VIENNE,UDF-RPR,92407.0
1,86,VIENNE,abstentions,56007.0
1,86,VIENNE,blancs et nuls,11057.0
1,87,HAUTE-VIENNE,COM,41824.0
1,87,HAUTE-VIENNE,DVD,3691.0
1,87,HAUTE-VIENNE,DVG,0.0
1,87,HAUTE-VIENNE,ECO,0.0
1,87,HAUTE-VIENNE,EXG,4265.0
1,87,HAUTE-VIENNE,FRN,8464.0
1,87,HAUTE-VIENNE,RADICAUX GAUCHE,0.0
1,87,HAUTE-VIENNE,REG,0.0
1,87,HAUTE-VIENNE,RPR,0.0
1,87,HAUTE-VIENNE,SOC,69706.0
1,87,HAUTE-VIENNE,UDF,0.0
1,87,HAUTE-VIENNE,UDF-RPR,72378.0
1,87,HAUTE-VIENNE,abstentions,46415.0
1,87,HAUTE-VIENNE,blancs et nuls,14682.0
1,88,VOSGES,COM,11329.0
1,88,VOSGES,DVD,0.0
1,88,VOSGES,DVG,0.0
1,88,VOSGES,ECO,6699.0
1,88,VOSGES,EXG,4143.0
1,88,VOSGES,FRN,16371.0
1,88,VOSGES,RADICAUX GAUCHE,0.0
1,88,VOSGES,REG,0.0
1,88,VOSGES,RPR,76392.0
1,88,VOSGES,SOC,66163.0
1,88,VOSGES,UDF,23033.0
1,88,VOSGES,UDF-RPR,0.0
1,88,VOSGES,abstentions,57296.0
1,88,VOSGES,blancs et nuls,13280.0
1,89,YONNE,COM,16933.0
1,89,YONNE,DVD,662.0
1,89,YONNE,DVG,0.0
1,89,YONNE,ECO,0.0
1,89,YONNE,EXG,1858.0
1,89,YONNE,FRN,17074.0
1,89,YONNE,RADICAUX GAUCHE,0.0
1,89,YONNE,REG,0.0
1,89,YONNE,RPR,0.0
1,89,YONNE,SOC,49254.0
1,89,YONNE,UDF,0.0
1,89,YONNE,UDF-RPR,79011.0
1,89,YONNE,abstentions,48136.0
1,89,YONNE,blancs et nuls,8020.0
1,90,TERRITOIRE DE BELFORT,COM,3404.0
1,90,TERRITOIRE DE BELFORT,DVD,197.0
1,90,TERRITOIRE DE BELFORT,DVG,0.0
1,90,TERRITOIRE DE BELFORT,ECO,0.0
1,90,TERRITOIRE DE BELFORT,EXG,2776.0
1,90,TERRITOIRE DE BELFORT,FRN,7182.0
1,90,TERRITOIRE DE BELFORT,RADICAUX GAUCHE,0.0
1,90,TERRITOIRE DE BELFORT,REG,0.0
1,90,TERRITOIRE DE BELFORT,RPR,0.0
1,90,TERRITOIRE DE BELFORT,SOC,27477.0
1,90,TERRITOIRE DE BELFORT,UDF,0.0
1,90,TERRITOIRE DE BELFORT,UDF-RPR,23678.0
1,90,TERRITOIRE DE BELFORT,abstentions,16333.0
1,90,TERRITOIRE DE BELFORT,blancs et nuls,3225.0
1,91,ESSONNE,COM,49070.0
1,91,ESSONNE,DVD,24122.0
1,91,ESSONNE,DVG,0.0
1,91,ESSONNE,ECO,10606.0
1,91,ESSONNE,EXG,7366.0
1,91,ESSONNE,FRN,43760.0
1,91,ESSONNE,RADICAUX GAUCHE,0.0
1,91,ESSONNE,REG,0.0
1,91,ESSONNE,RPR,95203.0
1,91,ESSONNE,SOC,151988.0
1,91,ESSONNE,UDF,80585.0
1,91,ESSONNE,UDF-RPR,0.0
1,91,ESSONNE,abstentions,141016.0
1,91,ESSONNE,blancs et nuls,13186.0
1,92,HAUTS-DE-SEINE,COM,66185.0
1,92,HAUTS-DE-SEINE,DVD,1334.0
1,92,HAUTS-DE-SEINE,DVG,0.0
1,92,HAUTS-DE-SEINE,ECO,12470.0
1,92,HAUTS-DE-SEINE,EXG,11033.0
1,92,HAUTS-DE-SEINE,FRN,69529.0
1,92,HAUTS-DE-SEINE,RADICAUX GAUCHE,0.0
1,92,HAUTS-DE-SEINE,REG,0.0
1,92,HAUTS-DE-SEINE,RPR,190943.0
1,92,HAUTS-DE-SEINE,SOC,173952.0
1,92,HAUTS-DE-SEINE,UDF,90061.0
1,92,HAUTS-DE-SEINE,UDF-RPR,0.0
1,92,HAUTS-DE-SEINE,abstentions,186501.0
1,92,HAUTS-DE-SEINE,blancs et nuls,14852.0
1,93,SEINE-SAINT-DENIS,COM,91926.0
1,93,SEINE-SAINT-DENIS,DVD,1216.0
1,93,SEINE-SAINT-DENIS,DVG,3589.0
1,93,SEINE-SAINT-DENIS,ECO,11408.0
1,93,SEINE-SAINT-DENIS,EXG,10720.0
1,93,SEINE-SAINT-DENIS,FRN,71711.0
1,93,SEINE-SAINT-DENIS,RADICAUX GAUCHE,0.0
1,93,SEINE-SAINT-DENIS,REG,0.0
1,93,SEINE-SAINT-DENIS,RPR,110335.0
1,93,SEINE-SAINT-DENIS,SOC,143514.0
1,93,SEINE-SAINT-DENIS,UDF,48174.0
1,93,SEINE-SAINT-DENIS,UDF-RPR,0.0
1,93,SEINE-SAINT-DENIS,abstentions,200151.0
1,93,SEINE-SAINT-DENIS,blancs et nuls,15509.0
1,94,VAL-DE-MARNE,COM,81913.0
1,94,VAL-DE-MARNE,DVD,1941.0
1,94,VAL-DE-MARNE,DVG,6213.0
1,94,VAL-DE-MARNE,ECO,15222.0
1,94,VAL-DE-MARNE,EXG,7235.0
1,94,VAL-DE-MARNE,FRN,59632.0
1,94,VAL-DE-MARNE,RADICAUX GAUCHE,0.0
1,94,VAL-DE-MARNE,REG,0.0
1,94,VAL-DE-MARNE,RPR,118095.0
1,94,VAL-DE-MARNE,SOC,147881.0
1,94,VAL-DE-MARNE,UDF,75364.0
1,94,VAL-DE-MARNE,UDF-RPR,0.0
1,94,VAL-DE-MARNE,abstentions,167675.0
1,94,VAL-DE-MARNE,blancs et nuls,13221.0
1,95,VAL-D'OISE,COM,47734.0
1,95,VAL-D'OISE,DVD,11577.0
1,95,VAL-D'OISE,DVG,2161.0
1,95,VAL-D'OISE,ECO,11425.0
1,95,VAL-D'OISE,EXG,6226.0
1,95,VAL-D'OISE,FRN,50638.0
1,95,VAL-D'OISE,RADICAUX GAUCHE,0.0
1,95,VAL-D'OISE,REG,0.0
1,95,VAL-D'OISE,RPR,80048.0
1,95,VAL-D'OISE,SOC,126584.0
1,95,VAL-D'OISE,UDF,68153.0
1,95,VAL-D'OISE,UDF-RPR,0.0
1,95,VAL-D'OISE,abstentions,143328.0
1,95,VAL-D'OISE,blancs et nuls,13033.0
